{
  "model_id": "Llama-3.1-8B-Instruct",
  "num_rows": 250,
  "num_skipped": 0,
  "threshold": 0.5,
  "seed": 42,
  "metrics": {
    "Accuracy": 0.64,
    "Precision": 0.2571428571428571,
    "Recall": 0.6923076923076923,
    "F1": 0.375,
    "AUC": 0.7243893547211081
  }
}