{
  "model_id": "Llama-3.1-8B-Instruct",
  "num_rows": 1000,
  "num_skipped": 0,
  "threshold": 0.5,
  "seed": 42,
  "metrics": {
    "Accuracy": 0.657,
    "Precision": 0.2780612244897959,
    "Recall": 0.6449704142011834,
    "F1": 0.38859180035650626,
    "AUC": 0.6833180241955583
  }
}