{
  "model_id": "Qwen2.5-7B-Instruct",
  "num_rows": 1000,
  "num_skipped": 0,
  "threshold": 0.5,
  "metrics": {
    "Accuracy": 0.76,
    "Precision": 0.47413793103448276,
    "Recall": 0.7432432432432432,
    "F1": 0.5789473684210527,
    "AUC": 0.8159058801732324
  }
}