{
  "model_id": "DeepSeek-R1-Distill-Qwen-14B",
  "num_rows": 1000,
  "num_skipped": 0,
  "threshold": 0.5,
  "seed": 42,
  "metrics": {
    "Accuracy": 0.529,
    "Precision": 0.11380145278450363,
    "Recall": 0.3092105263157895,
    "F1": 0.1663716814159292,
    "AUC": 0.41441161866931475
  }
}