{
  "model_id": "Qwen2.5-7B-Instruct",
  "num_rows": 250,
  "num_skipped": 0,
  "threshold": 0.5,
  "metrics": {
    "Accuracy": 0.048,
    "Precision": 0.048,
    "Recall": 1.0,
    "F1": 0.0916030534351145,
    "AUC": 0.4313725490196078
  }
}