{
  "model_id": "Llama-3.1-8B-Instruct",
  "num_rows": 250,
  "num_skipped": 0,
  "threshold": 0.5,
  "seed": 42,
  "metrics": {
    "Accuracy": 0.696,
    "Precision": 0.23529411764705882,
    "Recall": 0.4,
    "F1": 0.2962962962962963,
    "AUC": 0.6384523809523809
  }
}